森川 亮,moriakit
夏野 剛,tnatsu
堀 竜慈,RyujiHori0308
島田 敬士,atsushi_s_513
藤田 琢磨,magie_pooh
佐野 将史,masafumisano
小松 誠,eurah
内平 博貴,uchihira,uchhr
平井 辰典,TatsunoriHirai
佐藤 知裕,taisa11
飯塚 豊,yiizuka
吉本 英樹,hidekingZ
木脇 太一,amaprg
榊原 寛,skk_mimi
加藤 史洋,phyro
福里 司,TFukusato
山下 聖悟,nanaushi
村田 雄一,yuichi1004
山添 隆文,yamazoe
亀田 大輔,daicki
今村 淳,jun_0301
林 徹也,tetha
竹田 聖,sei06k14
松田 聖大,sgss
矢部 裕亮,dsler
林 摩梨花,marikoakin
横窪 安奈,ankorobe
福井 登志也,toshiyatw
大田 昌幸,masota0517
権瓶 匠,gompei_takumi
佐藤 彩夏,sugar_ayaka
佐橘 一旗,astrider_
伊藤 裕一,yuichi110
後藤 正樹,spagetty
小山 裕己,bravery_
鈴木 遼,Reputeless
辻田 眸,hitomi0905
山本 哲也,tty
小野 永貴,milkya
川田 裕貴,hktechno
周 礼贊,lizan
竹渕 瑛一,GRGSIBERIA
坂本 一憲,exKAZUu
矢野 慎一郎,yanoshin
小野 和俊,lalha2
平藤 燎,tikal
矢倉 大夢,hiromu1996
小出 洋,hirosk
塚田 翔也,gabu
落合 陽一,ochyai
谷口 忠大,tanichu
木浦 幹雄,kur
後藤 真孝,MasatakaGoto
大島 聡史,tgbt
尾藤 正人,bto
井上 恭輔,kyoro353
梅谷 信行,etopirika5
紀 信邦,Nikoriks
IPA未踏,IPA_MITOH
寺岡 宏彰,pcoco
中村 裕美,apapababy
田中 和紀,TKazuki
近藤 秀樹,hkondo
酒井 憲吾,kengon
保呂 毅,horo
井出 真広,imasahiro
伊藤 隆朗,takao_mofumofu
久保 裕也,kubohiroya
上田 真史,ued_m
長井 啓友,niigata_ken
西川 玲,ray_fox
内平 博貴,uchhr
矢萩 寛人,hiroto_y
